epoch,time,train/box_loss,train/seg_loss,train/cls_loss,train/dfl_loss,train/sem_loss,metrics/precision(B),metrics/recall(B),metrics/mAP50(B),metrics/mAP50-95(B),metrics/precision(M),metrics/recall(M),metrics/mAP50(M),metrics/mAP50-95(M),val/box_loss,val/seg_loss,val/cls_loss,val/dfl_loss,val/sem_loss,lr/pg0,lr/pg1,lr/pg2
1,65.7129,1.709,3.93518,1.51054,1.24483,0,0.76146,0.63681,0.69166,0.56617,0.7298,0.5512,0.59509,0.33829,1.95832,2.58787,1.29285,1.18996,0,0.0033,0.0033,0.0703
2,142.196,1.72521,3.20258,1.29021,1.17461,0,0.72776,0.62724,0.67873,0.53607,0.69657,0.56583,0.60372,0.3723,2.01767,2.452,1.2938,1.117,0,0.00656766,0.00656766,0.0402343
3,292.967,1.80265,3.13448,1.33172,1.16974,0,0.85939,0.57771,0.667,0.50909,0.81302,0.52007,0.59477,0.34188,2.13337,2.49053,1.36853,1.1066,0,0.00976933,0.00976933,0.0101027
4,377.934,1.83865,3.11946,1.35264,1.15159,0,0.79737,0.6055,0.68108,0.52847,0.75281,0.51952,0.59241,0.35072,2.08255,2.3419,1.40252,1.13227,0,0.009703,0.009703,0.009703
5,556.209,1.84929,3.00022,1.35319,1.15493,0,0.73522,0.61591,0.66672,0.49965,0.69637,0.54808,0.57751,0.3247,2.05163,2.29787,1.3057,1.10497,0,0.009604,0.009604,0.009604
6,640.435,1.84724,3.11122,1.34942,1.14738,0,0.75366,0.60886,0.66845,0.51076,0.71381,0.54636,0.59254,0.34697,2.06332,2.34141,1.29059,1.12416,0,0.009505,0.009505,0.009505
7,837.281,1.85436,2.94938,1.32733,1.13831,0,0.79524,0.60464,0.67519,0.50842,0.71587,0.52745,0.57328,0.33033,2.12357,2.35031,1.35174,1.09193,0,0.009406,0.009406,0.009406
8,924.079,1.83073,2.99228,1.32045,1.13504,0,0.75605,0.60825,0.66986,0.50605,0.68661,0.54913,0.58362,0.34084,2.07938,2.27677,1.30271,1.12822,0,0.009307,0.009307,0.009307
9,1071.64,1.82469,2.87676,1.30358,1.12372,0,0.76016,0.60094,0.67604,0.50516,0.69608,0.54063,0.58285,0.33264,2.1308,2.3319,1.32005,1.09126,0,0.009208,0.009208,0.009208
10,1145.78,1.79413,2.86218,1.27922,1.11626,0,0.76057,0.60703,0.66646,0.50442,0.73923,0.54416,0.58979,0.34964,2.12988,2.29762,1.37132,1.11139,0,0.009109,0.009109,0.009109
11,1212.59,1.79006,2.87833,1.27026,1.10908,0,0.79612,0.6279,0.69141,0.53774,0.73156,0.55482,0.60616,0.36433,2.13313,2.1061,1.27081,1.0518,0,0.00901,0.00901,0.00901
12,1289.6,1.77704,2.76721,1.25694,1.09984,0,0.7984,0.63679,0.69286,0.53138,0.74861,0.54498,0.59754,0.34807,2.06073,2.21408,1.24603,1.06899,0,0.008911,0.008911,0.008911
13,1361.89,1.81112,2.75286,1.2541,1.09359,0,0.80631,0.65105,0.7033,0.54692,0.75613,0.5643,0.61868,0.37613,2.11474,2.09774,1.25199,1.04896,0,0.008812,0.008812,0.008812
14,1520.74,1.7827,2.81484,1.25635,1.09982,0,0.80339,0.64614,0.70114,0.53546,0.72295,0.58048,0.61675,0.36963,2.06043,2.07041,1.20452,1.06236,0,0.008713,0.008713,0.008713
15,1605.43,1.77057,2.69857,1.21739,1.08761,0,0.80211,0.6328,0.6947,0.544,0.75045,0.54874,0.60956,0.37688,2.09065,2.12362,1.25632,1.05036,0,0.008614,0.008614,0.008614
16,1749.92,1.76344,2.68545,1.23436,1.07886,0,0.81253,0.63861,0.6979,0.54971,0.76056,0.57134,0.61905,0.37462,2.00273,2.12234,1.2286,1.0357,0,0.008515,0.008515,0.008515
17,1819.78,1.77242,2.68924,1.2197,1.07863,0,0.81322,0.63175,0.70795,0.55972,0.72856,0.57206,0.62563,0.38374,2.05372,2.09135,1.20126,1.02932,0,0.008416,0.008416,0.008416
18,1891.04,1.72496,2.69544,1.19907,1.08086,0,0.76468,0.63099,0.6953,0.5443,0.70415,0.59047,0.63192,0.37825,2.09744,2.14106,1.24325,1.02788,0,0.008317,0.008317,0.008317
19,1967.12,1.77442,2.66244,1.20477,1.07695,0,0.78461,0.64882,0.70244,0.55575,0.73887,0.58691,0.63602,0.39032,2.04511,2.02919,1.18988,1.018,0,0.008218,0.008218,0.008218
20,2040.42,1.70942,2.63726,1.1773,1.06668,0,0.81174,0.65542,0.71658,0.56667,0.75402,0.5826,0.63459,0.38756,2.00506,2.01396,1.18146,1.03081,0,0.008119,0.008119,0.008119
21,2184.26,1.68955,2.6031,1.15067,1.06325,0,0.75869,0.66703,0.70973,0.54698,0.69743,0.60403,0.6255,0.38259,2.03896,2.02663,1.18408,1.02437,0,0.00802,0.00802,0.00802
22,2291.4,1.72988,2.56273,1.17013,1.05838,0,0.82386,0.66582,0.72941,0.57118,0.74418,0.5899,0.63894,0.39739,1.98626,2.00492,1.1662,0.99658,0,0.007921,0.007921,0.007921
23,2436.26,1.67916,2.51933,1.13764,1.0499,0,0.8189,0.65355,0.71473,0.56467,0.72455,0.5907,0.6291,0.38278,2.01915,1.97752,1.16833,1.01627,0,0.007822,0.007822,0.007822
24,2519.36,1.68407,2.5897,1.13536,1.05185,0,0.86428,0.65455,0.72235,0.57237,0.75881,0.58359,0.63162,0.39646,2.05863,1.98112,1.19511,1.00792,0,0.007723,0.007723,0.007723
25,2667.08,1.71474,2.56959,1.1548,1.05538,0,0.82072,0.66661,0.72438,0.5748,0.73878,0.60867,0.64554,0.40238,1.98339,2.00473,1.14114,1.01448,0,0.007624,0.007624,0.007624
26,2744.64,1.67023,2.56357,1.12227,1.04133,0,0.78751,0.68199,0.72696,0.58024,0.76091,0.56795,0.62734,0.38146,1.96354,1.96285,1.13537,0.98774,0,0.007525,0.007525,0.007525
27,2885.04,1.67899,2.50889,1.10899,1.04684,0,0.82665,0.67365,0.73246,0.58274,0.74128,0.6003,0.64672,0.40326,1.94956,1.92855,1.11805,1.00043,0,0.007426,0.007426,0.007426
28,2991.07,1.70052,2.53014,1.14275,1.03571,0,0.81985,0.66653,0.72335,0.57646,0.76434,0.6022,0.65277,0.4049,1.94887,1.94761,1.13124,0.98167,0,0.007327,0.007327,0.007327
29,3065.71,1.65597,2.47004,1.10896,1.03298,0,0.7802,0.68405,0.72862,0.58254,0.71626,0.61607,0.64985,0.40178,2.02946,1.90031,1.14383,0.99231,0,0.007228,0.007228,0.007228
30,3209.5,1.67468,2.45377,1.09022,1.0307,0,0.8332,0.67892,0.73749,0.59389,0.76774,0.61048,0.66259,0.42416,1.95947,1.89441,1.10826,0.98152,0,0.007129,0.007129,0.007129
31,3290.21,1.64993,2.5218,1.10519,1.03187,0,0.81831,0.6987,0.73995,0.59189,0.74955,0.61834,0.65735,0.41461,1.9548,1.8595,1.08111,0.96763,0,0.00703,0.00703,0.00703
32,3459.25,1.61046,2.4426,1.05518,1.02775,0,0.81311,0.6782,0.74004,0.60056,0.75204,0.60247,0.6499,0.41295,2.00204,1.90333,1.14326,0.98217,0,0.006931,0.006931,0.006931
33,3541.98,1.64087,2.47163,1.06492,1.02582,0,0.78638,0.70539,0.74491,0.60311,0.73608,0.63007,0.66535,0.42381,1.93972,1.84768,1.07627,0.97364,0,0.006832,0.006832,0.006832
34,3639.89,1.65191,2.46868,1.09121,1.02613,0,0.82321,0.67947,0.74024,0.59762,0.74139,0.6133,0.651,0.40957,1.92715,1.90301,1.09188,0.97983,0,0.006733,0.006733,0.006733
35,3713.89,1.64842,2.41811,1.06071,1.01693,0,0.81761,0.68364,0.74295,0.60053,0.72374,0.63566,0.6663,0.42546,1.93617,1.87793,1.11614,0.97211,0,0.006634,0.006634,0.006634
36,3779.22,1.6213,2.43883,1.06345,1.02991,0,0.85786,0.68889,0.74925,0.61169,0.75862,0.6213,0.65851,0.41095,1.91334,1.92763,1.07446,0.95724,0,0.006535,0.006535,0.006535
37,3922.67,1.64571,2.40731,1.06883,1.01954,0,0.8335,0.69494,0.74736,0.6088,0.77422,0.63335,0.67632,0.42712,1.91488,1.83488,1.05846,0.96048,0,0.006436,0.006436,0.006436
38,3994.71,1.60329,2.36916,1.04247,1.0192,0,0.80852,0.71099,0.74932,0.61016,0.74815,0.63541,0.66917,0.42561,1.91386,1.84091,1.04667,0.95931,0,0.006337,0.006337,0.006337
39,4063.54,1.5785,2.35821,1.02659,1.01522,0,0.82156,0.69032,0.74256,0.6042,0.75871,0.62163,0.66329,0.42871,1.92678,1.86242,1.0897,0.96859,0,0.006238,0.006238,0.006238
40,4138.07,1.61094,2.3947,1.03175,1.0133,0,0.81559,0.70705,0.75213,0.61593,0.74003,0.63726,0.67255,0.42229,1.89563,1.85669,1.04614,0.955,0,0.006139,0.006139,0.006139
41,4218.98,1.58749,2.40904,1.03869,1.0153,0,0.81981,0.69435,0.74985,0.61684,0.735,0.63593,0.67349,0.42607,1.88349,1.8556,1.04222,0.94749,0,0.00604,0.00604,0.00604
42,4399.77,1.56966,2.3206,1.01871,1.00448,0,0.81057,0.69738,0.75161,0.61512,0.73358,0.6385,0.67426,0.42974,1.89296,1.83251,1.03545,0.95316,0,0.005941,0.005941,0.005941
43,4474.26,1.57868,2.37765,1.02046,1.00272,0,0.83172,0.70896,0.75619,0.61901,0.73206,0.63254,0.66903,0.41564,1.86515,1.87637,1.04448,0.95174,0,0.005842,0.005842,0.005842
44,4656.45,1.55468,2.32085,0.99437,0.99403,0,0.84434,0.70335,0.75693,0.62613,0.77125,0.63682,0.68152,0.43397,1.87129,1.81101,1.01065,0.94956,0,0.005743,0.005743,0.005743
45,4748.84,1.60104,2.30778,1.01442,1.00203,0,0.80074,0.69384,0.73946,0.60742,0.71124,0.648,0.66728,0.43025,1.89285,1.86634,1.10586,0.94941,0,0.005644,0.005644,0.005644
46,4835.95,1.55821,2.28333,0.98665,0.99645,0,0.80232,0.70791,0.75396,0.62379,0.72423,0.64628,0.67634,0.43928,1.83768,1.82275,1.00333,0.94353,0,0.005545,0.005545,0.005545
47,4990.92,1.54015,2.25559,0.97995,0.99412,0,0.81803,0.71508,0.7595,0.62825,0.75314,0.65138,0.6899,0.45638,1.84766,1.75998,0.9862,0.93871,0,0.005446,0.005446,0.005446
48,5082.81,1.53403,2.30502,0.96723,0.99117,0,0.84283,0.71986,0.76176,0.62899,0.7694,0.64369,0.68317,0.4319,1.86729,1.7961,0.99654,0.93519,0,0.005347,0.005347,0.005347
49,5238.22,1.54244,2.31594,0.99442,1.00107,0,0.81077,0.71572,0.75151,0.61831,0.73999,0.6479,0.66482,0.41214,1.89852,1.76736,0.9945,0.93492,0,0.005248,0.005248,0.005248
50,5326.95,1.56813,2.26458,0.98014,0.9916,0,0.83094,0.72336,0.76047,0.62979,0.74523,0.66816,0.69704,0.4544,1.83802,1.74363,0.96754,0.93675,0,0.005149,0.005149,0.005149
51,5480.73,1.52373,2.24635,0.9405,0.98039,0,0.83802,0.71734,0.75863,0.62978,0.75466,0.65113,0.68677,0.44357,1.85638,1.79525,1.02242,0.93656,0,0.00505,0.00505,0.00505
52,5583.13,1.52447,2.21438,0.94973,0.98545,0,0.84775,0.72506,0.76923,0.63858,0.77277,0.66414,0.70341,0.45254,1.83818,1.71881,0.9565,0.93192,0,0.004951,0.004951,0.004951
53,5725.11,1.5258,2.26707,0.94476,0.98925,0,0.8295,0.72947,0.76574,0.63997,0.73338,0.66657,0.69034,0.44495,1.81788,1.75675,0.96384,0.93064,0,0.004852,0.004852,0.004852
54,5829.01,1.53074,2.23285,0.96366,0.97935,0,0.85433,0.72039,0.76541,0.63379,0.76135,0.65257,0.68864,0.44655,1.84828,1.74331,0.98195,0.92319,0,0.004753,0.004753,0.004753
55,5994.83,1.57255,2.28753,0.97251,0.98882,0,0.85981,0.72453,0.77089,0.641,0.78988,0.65402,0.69992,0.46041,1.81498,1.75238,0.94944,0.91626,0,0.004654,0.004654,0.004654
56,6070.78,1.52502,2.18649,0.94213,0.97277,0,0.854,0.71276,0.76348,0.6424,0.76797,0.64949,0.68848,0.44897,1.81428,1.79357,0.97159,0.91435,0,0.004555,0.004555,0.004555
57,6233.33,1.52031,2.15368,0.9311,0.98035,0,0.85064,0.71298,0.76544,0.64736,0.76934,0.65854,0.69886,0.45101,1.82177,1.76507,0.96142,0.92546,0,0.004456,0.004456,0.004456
58,6406.37,1.49441,2.20197,0.91895,0.97437,0,0.85581,0.71876,0.76811,0.64374,0.77182,0.65582,0.69635,0.46153,1.79661,1.70312,0.93717,0.91497,0,0.004357,0.004357,0.004357
59,6471.13,1.5089,2.19495,0.91622,0.96919,0,0.85027,0.72623,0.77057,0.65478,0.77991,0.66394,0.70238,0.46505,1.78121,1.71723,0.91431,0.91375,0,0.004258,0.004258,0.004258
60,6541.43,1.50272,2.18941,0.9268,0.9741,0,0.85408,0.72309,0.7697,0.64865,0.78957,0.66231,0.70418,0.46928,1.78943,1.75528,0.9424,0.91556,0,0.004159,0.004159,0.004159
61,6613.37,1.54596,2.2189,0.9212,0.97067,0,0.87651,0.73056,0.77354,0.6525,0.78637,0.66527,0.7034,0.46155,1.77117,1.6768,0.9039,0.90839,0,0.00406,0.00406,0.00406
62,6684.5,1.50513,2.15926,0.94599,0.96445,0,0.87417,0.73134,0.77398,0.65349,0.78163,0.67407,0.70736,0.46367,1.7915,1.6821,0.92332,0.90879,0,0.003961,0.003961,0.003961
63,6808.89,1.48147,2.11649,0.90086,0.95791,0,0.87555,0.7255,0.7736,0.65364,0.79132,0.67423,0.70986,0.4754,1.78304,1.73583,0.89591,0.90885,0,0.003862,0.003862,0.003862
64,6909.18,1.51178,2.15704,0.9117,0.95403,0,0.85613,0.73839,0.77509,0.65813,0.7733,0.67512,0.70479,0.45946,1.78515,1.65585,0.90338,0.90255,0,0.003763,0.003763,0.003763
65,7051.9,1.4645,2.14093,0.88086,0.96239,0,0.85978,0.73222,0.77456,0.6571,0.78247,0.66253,0.70354,0.47057,1.78081,1.67168,0.93038,0.90092,0,0.003664,0.003664,0.003664
66,7114.64,1.46579,2.11306,0.88793,0.96118,0,0.87297,0.73381,0.77794,0.65922,0.81693,0.67038,0.71934,0.48134,1.76263,1.67761,0.88231,0.90544,0,0.003565,0.003565,0.003565
67,7182.49,1.46243,2.12606,0.88173,0.95693,0,0.86588,0.73981,0.78025,0.66136,0.78544,0.67441,0.71348,0.47543,1.75637,1.68706,0.89754,0.89985,0,0.003466,0.003466,0.003466
68,7252.15,1.45797,2.12695,0.87488,0.95535,0,0.8342,0.75344,0.78139,0.66579,0.76188,0.69111,0.71317,0.47295,1.77765,1.61089,0.88979,0.90199,0,0.003367,0.003367,0.003367
69,7325.52,1.43034,2.08589,0.87116,0.95307,0,0.84995,0.74147,0.77917,0.66095,0.7737,0.68022,0.71179,0.47247,1.77342,1.68759,0.90512,0.90421,0,0.003268,0.003268,0.003268
70,7418.08,1.44256,2.07392,0.85618,0.94913,0,0.89205,0.74045,0.78096,0.66284,0.80806,0.67593,0.70827,0.47254,1.7483,1.66055,0.87271,0.89472,0,0.003169,0.003169,0.003169
71,7488.88,1.46959,2.14844,0.87039,0.94776,0,0.86081,0.74122,0.77955,0.66765,0.78947,0.68445,0.71682,0.47567,1.75148,1.6278,0.9113,0.89994,0,0.00307,0.00307,0.00307
72,7658.73,1.43511,2.06977,0.85514,0.95359,0,0.88366,0.73763,0.78222,0.66895,0.78186,0.69095,0.71925,0.47821,1.72123,1.61553,0.86264,0.89077,0,0.002971,0.002971,0.002971
73,7835.98,1.41201,2.02829,0.84969,0.94697,0,0.88419,0.74044,0.78214,0.66913,0.80078,0.67971,0.71822,0.48408,1.73972,1.59636,0.85228,0.88898,0,0.002872,0.002872,0.002872
74,7921.16,1.39903,2.0625,0.83755,0.94492,0,0.87593,0.73661,0.77926,0.66796,0.79358,0.68196,0.718,0.48458,1.73084,1.61681,0.86453,0.8889,0,0.002773,0.002773,0.002773
75,8073.35,1.42698,2.05639,0.85087,0.94432,0,0.87055,0.74605,0.78457,0.67059,0.81888,0.67635,0.71876,0.48391,1.71336,1.60396,0.84188,0.87777,0,0.002674,0.002674,0.002674
76,8151.07,1.40425,2.04431,0.83507,0.93744,0,0.87113,0.74981,0.78417,0.67634,0.78802,0.69623,0.7221,0.48901,1.7173,1.59618,0.84501,0.87987,0,0.002575,0.002575,0.002575
77,8320.17,1.40685,2.05273,0.844,0.94481,0,0.87306,0.75074,0.78564,0.67388,0.79424,0.69886,0.7299,0.49487,1.70371,1.59497,0.86773,0.8778,0,0.002476,0.002476,0.002476
78,8396.2,1.42341,2.01879,0.82997,0.93639,0,0.88371,0.74857,0.78568,0.67866,0.80261,0.68947,0.72507,0.48916,1.71599,1.56989,0.84265,0.88092,0,0.002377,0.002377,0.002377
79,8533.59,1.42496,2.02517,0.83094,0.93821,0,0.87711,0.7539,0.78751,0.68124,0.80499,0.69693,0.7303,0.49881,1.68713,1.56946,0.82265,0.87611,0,0.002278,0.002278,0.002278
80,8623.33,1.36846,1.98904,0.80608,0.93356,0,0.87613,0.75247,0.78655,0.68173,0.81023,0.68377,0.72079,0.49027,1.69788,1.59098,0.84149,0.87515,0,0.002179,0.002179,0.002179
81,8697.23,1.40328,1.98664,0.82999,0.93828,0,0.89061,0.74701,0.78831,0.68485,0.80616,0.70367,0.73522,0.50088,1.70079,1.55443,0.83344,0.87415,0,0.00208,0.00208,0.00208
82,8858.12,1.37536,1.9692,0.78857,0.92616,0,0.87223,0.74343,0.78495,0.68328,0.79631,0.70007,0.72937,0.49548,1.70207,1.5807,0.83588,0.87567,0,0.001981,0.001981,0.001981
83,8928.69,1.39909,1.96015,0.81344,0.93785,0,0.89932,0.75257,0.78882,0.68741,0.82316,0.69475,0.73485,0.50203,1.68513,1.54992,0.81891,0.87186,0,0.001882,0.001882,0.001882
84,9114.76,1.3922,1.9532,0.80182,0.92444,0,0.89521,0.75455,0.79048,0.68742,0.80183,0.69732,0.72556,0.49778,1.68094,1.54062,0.81356,0.86996,0,0.001783,0.001783,0.001783
85,9234.29,1.39228,1.97277,0.80615,0.92845,0,0.88039,0.75483,0.79024,0.6881,0.78695,0.7101,0.73365,0.50194,1.67661,1.5673,0.82058,0.86856,0,0.001684,0.001684,0.001684
86,9316.37,1.39484,1.95151,0.81229,0.92856,0,0.87027,0.76016,0.79039,0.68975,0.77889,0.70976,0.73256,0.49895,1.64915,1.56435,0.79863,0.86111,0,0.001585,0.001585,0.001585
87,9469.08,1.38151,1.9256,0.7937,0.92109,0,0.87481,0.7571,0.79097,0.68994,0.77731,0.70908,0.73289,0.4987,1.67959,1.53879,0.80161,0.8634,0,0.001486,0.001486,0.001486
88,9542.75,1.37667,1.96298,0.7936,0.9187,0,0.9084,0.74846,0.79052,0.69134,0.83006,0.69223,0.7305,0.50958,1.67158,1.52694,0.80468,0.86606,0,0.001387,0.001387,0.001387
89,9677.55,1.36531,1.8718,0.78037,0.91714,0,0.90983,0.75274,0.79231,0.69379,0.82761,0.69422,0.72792,0.50168,1.64466,1.5067,0.78071,0.86166,0,0.001288,0.001288,0.001288
90,9761.77,1.37612,1.95385,0.79871,0.93011,0,0.879,0.75988,0.79138,0.693,0.78384,0.7037,0.72848,0.50763,1.65968,1.52351,0.78757,0.86351,0,0.001189,0.001189,0.001189
91,9899.28,1.49544,1.85905,0.85454,0.9065,0,0.89885,0.75259,0.79049,0.68531,0.82283,0.69699,0.73182,0.50081,1.67204,1.55169,0.81294,0.86117,0,0.00109,0.00109,0.00109
92,9961.32,1.5057,1.88415,0.83245,0.89856,0,0.87407,0.75457,0.79013,0.68322,0.7974,0.69997,0.73196,0.49423,1.6645,1.54699,0.82279,0.86804,0,0.000991,0.000991,0.000991
93,10026.5,1.46697,1.83513,0.79966,0.89173,0,0.89404,0.75469,0.79102,0.69072,0.81966,0.70044,0.73209,0.50289,1.67252,1.5331,0.81243,0.86857,0,0.000892,0.000892,0.000892
94,10087.9,1.46229,1.79203,0.79618,0.88962,0,0.88802,0.75973,0.7921,0.68959,0.79919,0.7048,0.72964,0.5003,1.65689,1.5357,0.79883,0.85932,0,0.000793,0.000793,0.000793
95,10151.8,1.4806,1.8371,0.7986,0.89083,0,0.88526,0.75848,0.79226,0.69196,0.812,0.70727,0.7368,0.50795,1.63639,1.52256,0.78506,0.8578,0,0.000694,0.000694,0.000694
96,10285.5,1.45367,1.79577,0.78686,0.88882,0,0.88719,0.75885,0.79199,0.69356,0.81833,0.70444,0.73549,0.51228,1.63627,1.52529,0.77797,0.85392,0,0.000595,0.000595,0.000595
97,10352.8,1.45844,1.74796,0.77788,0.89141,0,0.88654,0.75425,0.79001,0.69175,0.81609,0.70115,0.73342,0.50905,1.66596,1.53457,0.79747,0.86204,0,0.000496,0.000496,0.000496
98,10420.5,1.4519,1.75411,0.78207,0.88621,0,0.89853,0.7575,0.79228,0.69423,0.8223,0.70103,0.73322,0.50635,1.64768,1.49588,0.78227,0.85739,0,0.000397,0.000397,0.000397
99,10499.4,1.4537,1.79888,0.78273,0.88772,0,0.90784,0.75276,0.79275,0.69766,0.83662,0.6992,0.73851,0.51779,1.64544,1.50566,0.7794,0.85778,0,0.000298,0.000298,0.000298
100,10562.8,1.44549,1.75998,0.76807,0.88099,0,0.91023,0.75288,0.79354,0.69791,0.83864,0.69954,0.73927,0.51621,1.64394,1.49601,0.7768,0.85766,0,0.000199,0.000199,0.000199
